-- Вставка данных в таблицу категорий
INSERT INTO category(id, name) VALUES
(1, 'Новинки'),
(2, 'Обувь'),
(3, 'Одежда'),
(4, 'Тренировки'),
(5, 'Красота'),
(6, 'Скидки'),
(7, 'Хоккей'),
(8, 'Теннис'),
(9, 'Регби'),
(10, 'Баскетбол'),
(11, 'Бег'),
(12, 'Бренд'),
(13, 'Лыжи'),
(14, 'Волейбол'),
(15, 'Зал'),
(16, 'Дайвинг'),
(17, 'Футбол'),
(18, 'Зима'),
(19, 'Лето'),
(20, 'Весна'),
(21, 'Осень')
ON CONFLICT (id) DO UPDATE SET
name = EXCLUDED.name;

-- Вставка данных в таблицу пользователей
INSERT INTO users (first_name, last_name, username, email, subscription, password, phone, role, created_at) VALUES
('admin', 'admin', 'admin', 'yariksen.exe@gmail.com', TRUE, '$2a$10$pRW3cKjK970FiGqR2RWlmOCV0C4jPU/aiOembwuYS3xlOgv5RF0A.', '+12025550173', 'admin', CURRENT_TIMESTAMP),
('user', 'user', 'user', 'user@gmail.com', TRUE, '$2a$10$cSN7IYyE2Bz3VuBlBf.CE.4GWulypkZzc3A8KRgsJ4iU7csOqilK6', '+442079460958', 'customer', CURRENT_TIMESTAMP),
('manager', 'manager', 'manager', 'manager@gmail.com', TRUE, '$2a$10$BPYxANhtbSmj5sWKxJyFLu/VNAy/R.zq6t4iJx1SrGXTPX/gFp.Qy', '+14165550841', 'manager', CURRENT_TIMESTAMP),
('John', 'Doe', 'john_doe', 'john.doe@gmail.com', TRUE, '$2a$10$daFW5TDt6nT1sDWpLOb1O.Z5Yfo5p43vLgAAGQzLDU1VHRAckuau6', '+61298765432', 'customer', CURRENT_TIMESTAMP),
('Jane', 'Smith', 'jane_smith', 'jane.smith@gmail.com', FALSE, '$2a$10$pDLvFn/aYYBE.VtXzTCeJevWjAWy.ppBcksDieeG3Jk3o5e.d0VHO', '+49301234567', 'customer', CURRENT_TIMESTAMP),
('Alice', 'Johnson', 'alice_j', 'alice.j@gmail.com', TRUE, '$2a$10$YpXm4NYBIaQuzJO3zQ4uN.Vl4cNENKlA9FgjfwSLUFJCJuvk/EqLS', '+74232497777', 'customer', CURRENT_TIMESTAMP),
('Bob', 'Brown', 'bob_brown', 'bob.brown@gmail.com', FALSE, '$2a$10$OVHTJRTPq2thilBRPhiaFuu36DG9/.2cywRzqkvyunNzaBqqX0q96', '+81312345678', 'customer', CURRENT_TIMESTAMP),
('Charlie', 'Davis', 'charlie_d', 'charlie.d@gmail.com', TRUE, '$2a$10$u/u0JtO5r.WMTF3WIPhbV.qozWBn34ZJC.bJ05EhkGXO1.06fPmMe', '+375291325538', 'customer', CURRENT_TIMESTAMP),
('Eva', 'Green', 'eva_g', 'eva.g@gmail.com', FALSE, '$2a$10$pxYV88cI44P4FY8UIH.w2uWUaOfbXmrPSqoSgQLA6diorwPTXS0Se', '+912212345678', 'customer', CURRENT_TIMESTAMP),
('Frank', 'White', 'frank_w', 'frank.w@gmail.com', TRUE, '$2a$10$NC7Rxf9gTP8a8.YDbcgOv.BYgHZiOSIP0kk3.r5YvsZeXQRcsApR.', '+27111234567', 'customer', CURRENT_TIMESTAMP),
('Grace', 'Black', 'grace_b', 'grace.b@gmail.com', FALSE, '$2a$10$Gf0rHeqHkQ.yYY8WDssOjOIVaTvZjm2gQTT5OimEZSObn87lHiySK', '+390612345678', 'customer', CURRENT_TIMESTAMP)
ON CONFLICT (username) DO NOTHING;

INSERT INTO sub_category (id, category_id, name) VALUES
(1, 1, 'Новая коллекция'),
(2, 1, 'Последние поступления'),
(3, 1, 'Эксклюзивные модели'),
(4, 1, 'Ограниченные выпуски'),
(5, 1, 'Сезонные новинки'),
(6, 2, 'Кроссовки'),
(7, 2, 'Ботинки'),
(8, 2, 'Сандалии спортивные'),
(9, 2, 'Туфли'),
(10, 2, 'Обувь для спорта'),
(11, 3, 'Рубашки'),
(12, 3, 'Платья'),
(13, 3, 'Брюки'),
(14, 3, 'Юбки'),
(15, 3, 'Футболки'),
(16, 3, 'Свитера'),
(17, 3, 'Куртки'),
(18, 3, 'Пальто'),
(19, 3, 'Шорты'),
(20, 3, 'Костюмы'),
(21, 4, 'Спортивные костюмы'),
(22, 4, 'Аксессуары для тренировок'),
(23, 4, 'Обувь для фитнеса'),
(24, 4, 'Инвентарь для фитнеса'),
(25, 4, 'Спортивные напитки'),
(26, 6, 'Сезонные скидки'),
(27, 6, 'Распродажи'),
(28, 6, 'Скидки на бренды'),
(29, 6, 'Акции выходного дня'),
(30, 6, 'Скидки для постоянных клиентов'),
(31, 7, 'Хоккейные клюшки'),
(32, 7, 'Шлемы'),
(33, 7, 'Коньки'),
(34, 7, 'Хоккейная форма'),
(35, 7, 'Аксессуары для хоккея'),
(36, 8, 'Теннисные ракетки'),
(37, 8, 'Теннисные мячи'),
(38, 8, 'Теннисная обувь'),
(39, 8, 'Теннисная форма'),
(40, 8, 'Сетки и аксессуары'),
(41, 9, 'Мячи для регби'),
(42, 9, 'Защитные шлемы'),
(43, 9, 'Бутсы для регби'),
(44, 9, 'Регбийные футболки'),
(45, 9, 'Аксессуары для регби'),
(46, 10, 'Баскетбольные мячи'),
(47, 10, 'Баскетбольные кроссовки'),
(48, 10, 'Баскетбольные майки'),
(49, 10, 'Баскетбольные шорты'),
(50, 10, 'Баскетбольные кольца'),
(51, 11, 'Кроссовки беговые'),
(52, 11, 'Спортивные шорты'),
(53, 11, 'Футболки для бега'),
(54, 11, 'Трекеры активности'),
(55, 11, 'Спортивные напитки'),
(56, 12, 'Брендовая одежда'),
(57, 12, 'Брендовая обувь'),
(58, 12, 'Брендовые аксессуары'),
(59, 12, 'Брендовые сумки'),
(60, 12, 'Брендовые новинки'),
(61, 13, 'Горные лыжи'),
(62, 13, 'Лыжные палки'),
(63, 13, 'Лыжные ботинки'),
(64, 13, 'Защитная экипировка'),
(65, 13, 'Аксессуары для лыж'),
(66, 14, 'Волейбольные мячи'),
(67, 14, 'Волейбольная форма'),
(68, 14, 'Волейбольные сетки'),
(69, 14, 'Волейбольные коленики'),
(70, 14, 'Аксессуары для волейбола'),
(71, 15, 'Тренировочные костюмы'),
(72, 15, 'Обувь для зала'),
(73, 15, 'Фитнес-инвентарь'),
(74, 15, 'Энергетические напитки'),
(75, 15, 'Сумки для спорта'),
(76, 16, 'Дайверские маски'),
(77, 16, 'Ласты'),
(78, 16, 'Гидрокостюмы'),
(79, 16, 'Баллоны для дайвинга'),
(80, 16, 'Аксессуары для дайвинга'),
(81, 18, 'Зимние куртки'),
(82, 18, 'Шапки'),
(83, 18, 'Варежки'),
(84, 18, 'Зимние ботинки'),
(85, 18, 'Шарфы'),
(86, 19, 'Пляжная одежда'),
(87, 19, 'Купальники'),
(88, 19, 'Панамы'),
(89, 19, 'Солнцезащитные очки'),
(90, 19, 'Сланцы'),
(91, 20, 'Весенние пальто'),
(92, 20, 'Плащи'),
(93, 20, 'Легкие куртки'),
(94, 20, 'Весенняя обувь'),
(95, 20, 'Аксессуары для весны'),
(96, 21, 'Осенние пальто'),
(97, 21, 'Свитера'),
(98, 21, 'Осенняя обувь'),
(99, 21, 'Шарфы'),
(100, 21, 'Аксессуары для осени')
ON CONFLICT (id) DO NOTHING;